Address
"320 W 5th Ave, Unit D20A, Anchorage, AK, US 99501"
"220 Summit Boulevard, Unit 140, Birmingham, AL, US 35243"
"920 Bob Wallace Ave, Building 300, Unit 313, Huntsville, AL, US 35801"
"9 Du Rhu Drive, Suite 358, Mobile, AL, US 36608"
"2218 University Boulevard, Suite B, Tuscaloosa, AL, US 35401"
"200 West Center Street, Suite 2, Fayetteville, AR, US 72701"
"200 West Center Street, Suite 2, Fayetteville, AR, US 72701"
"17819 Chenal Parkway, Unit C117, Little Rock, AR, US 72223"
"8154 - 2203 Promenade Blvd, Unit 8155, Rogers, AR, US 72758"
"3111 West Chandler Boulevard, 1200, Chandler, AZ, US 85226"
"304 Regent Street, Suite 319, Flagstaff, AZ, US 86001"
"516 N. Humphrey Street, Flagstaff, AZ, US 86001"
"2200 East Williams Field Road , Unit 103 , Gilbert, AZ, US 85295"
"6800 N. 95th Ave, Suite 380, Glendale, AZ, US 85305"
"7700 W. Arrowhead Towne Center, Space 1184, Glendale, AZ, US 85308"
"#133, 2502 E. Camelback Road, Phoenix, AZ, US 85016"
"7014 East Camelback Rd, Unit B144, Scottsdale, AZ, US 85251"
"15257 N. Scottsdale Rd, F1-110/F1-115, Scottsdale, AZ, US 85254"
"2905 East Skyline Dr., Unit 255, Tucson, AZ, US 85718"
"400 S Baldwin Avenue, Suite D12, Arcadia, CA, US 91007"
"1931 H Street, Bakersfield, CA, US 93301"
"Suite E2 & E3 9000 MING AVENUE, Suite E2 & E3, Bakersfield, CA, US 93311"
"1901 Fourth Street, Suite 102, Berkeley, CA, US 94710"
"334 North Beverly Drive, Beverly Hills, CA, US 90210"
"1124B Brea Mall, Brea, CA, US 92821"
"1304 Burlingame Ave, Burlingame, CA, US 94010"
"48400 Seminole Drive, Unit 420, Cabazon, CA, US 92230"
"4719 Commons Way Suite F1, Calabasas, CA, US 91302"
"850 E. Ventura Boulevard, Suite #714, Camarillo, CA, US 93010"
"1923 Calle Barcelona, 136, Carlsbad, CA, US 92009"
"1620 Redwood Hwy, Corte Madera, CA, US 94925"
"3333 Bear St, Suite #102, Costa Mesa, CA, US 92626"
"840 South Sepulveda Boulevard, Unit B108, El Segundo, CA, US 90245"
"712 W. Shaw Avenue, Fresno, CA, US 93704"
"8555 San Ysidro Ave, Suite D115, Gilroy, CA, US 95020"
"529 Americana Way, Glendale, CA, US 91210"
"750 Spectrum Dr, Irvine, CA, US 92618"
"6460 East Pacific Coast Highway - Unit 115, Long Beach, CA, US 90803"
"Space F2 - 189 The Grove Drive, Los Angeles, CA, US 90036"
"8532 Melrose Ave, Los Angeles, CA, US 90069"
"6600 Topanga Canyon Blvd, #2070B, Los Angeles, CA, US 91303"
"12199 Ventura Blvd, Los Angeles, CA, US 91604"
"10250 Santa Monica Blvd, Unit 1960, Los Angeles, CA, US 90067"
"32 N Santa Cruz Ave, Los Gatos, CA, US 95030"
"3880 Cross Creek Rd, Malibu, CA, US 90265"
"The Shops At Mission Viejo, Unit 907B, Mission Viejo, CA, US 92691"
"440 Del Monte Center Monterey, Suite 47, Monterey, CA, US 93940"
"1715 Trancas Street, Suite C, Napa, CA, US 94558"
"1220 First Street, Napa, CA, US 94559"
"203 Newport Center Dr, Newport Beach, CA, US 92660"
"15225 Palisades Village Lane, Pacific Palisades, CA, US 90272"
"73-470 El Paseo Blvd, Palm Desert, CA, US 92260"
"432 University Avenue, Palo Alto, CA, US 94301"
"660 Stanford Shopping Center, Unit 1101, Palo Alto, CA, US 94304"
"103 W. Colorado Blvd, Pasadena, CA, US 91105"
"One Stoneridge Mall Rd, UNIT E224, Pleasanton, CA, US 94588"
"12468 South Main Street, Unit 1530, Rancho Cucamonga, CA, US 91739"
"1258 Galleria at Tyler, Suite G112, Riverside, CA, US 92503"
"1151 Galleria Blvd, Space 125, Roseville, CA, US 95678"
"1689 Arden Way, Suite 1274, Sacramento, CA, US 95815"
"4465 La Jolla Village Drive, H2 / Ste E-25, San Diego, CA, US 92122"
"7007 Friars Road, Unit 890A, San Diego, CA, US 92108"
"7835 Girard Street, San Diego, CA, US 92037"
"3715 Caminito Court, Unit 0620, San Diego, CA, US 92130"
"845 Market Street, Unit 251, San Francisco, CA, US 94103"
"327 Grant Avenue, San Francisco, CA, US 94108"
"1981 Union Street, San Francisco, CA, US 94123"
"334 Santana Row, Unit 1035, San Jose, CA, US 95128"
"840 Monterey Street, Suite B101, San Luis Obispo, CA, US 93401"
"17 Hillsdale Mall, Suite N01, San Mateo, CA, US 94403"
"740 State Street , Unit 101, Santa Barbara, CA, US 93101"
"1457 Third Street Promenade, Santa Monica, CA, US 90401"
"2307 Magowan Drive, Santa Rosa, CA, US 95405"
"40820 Winchester Road, Suite 250, Temecula, CA, US 92591"
"100 Promenade Way, Suite F, Thousand Oaks, CA, US 91362"
"21420 Hawthorne Blvd, Unit 416, Torrance, CA, US 90503"
"24201 Valencia Boulevard, Valencia, CA, US 91355"
"1210 Broadway Plaza, Walnut Creek, CA, US 94596"
"204 South Galena Street, Space C, Aspen, CO, US 81611"
"1805 29th St, Unit #1122, Boulder, CO, US 80301"
"505 South Main Street, Suite A2, Breckenridge, CO, US 80424"
"1845 Briargate Parkway, Suite 439, Colorado Springs, CO, US 80920"
"3000 East First Ave, Unit 1103, Denver, CO, US 80209"
"3420 W. 32nd Avenue, Unit 102, Denver, CO, US 80211"
"217 Linden Street, Suite C, Fort Collins, CO, US 80524"
"8401 Park Meadows Center Drive, Suite 2150, Lone Tree, CO, US 80124"
"703 Lincoln Avenue, Unit B102, Steamboat Springs, CO, US 80487"
"193 East Gore Creek Plaza, Unit A, Vail, CO, US 81657"
"162 Gore Creek Drive, Unit 136, Vail, CO, US 81657"
"7 Backus Avenue, D-201, Danbury, CT, US 06810"
"545 Westfarms Mall, Farmington, CT, US 06032"
"151 Greenwich Ave, Greenwich, CT, US 06830"
"11+13 Broadway, New Haven, CT, US 06520"
"69 Main Street, Westport, CT, US 06880"
"1925 14th Street, NW, Washington, DC, US 20009"
"300 Tingey St. SE, Unit 140, Washington, DC, US 20003"
"3265 M Street NW, Washington, DC, US 20007"
"19565  Biscayne Blvd, Unit 910, Aventura, FL, US 33180"
"421 Plaza Real, Unit 1421, Boca Raton, FL, US 33432"
"6000 Glades Road, Suite 11480, Boca Raton, FL, US 33431"
"342 San Lorenzo, Unit 1055, Coral Gables, FL, US 33146"
"2360 N. Federal Highway, Fort Lauderdale, FL, US 33305"
"3730 Southwest Archer Road , Suite 210, Gainesville, FL, US 32608"
"4812 River City Drive Suite 113, Jacksonville, FL, US 32246"
"701 South Miami Avenue, Unit 256, Miami, FL, US 33130"
"7535 North Kendall Drive, Miami, FL, US 33156"
"846 Lincoln Rd, Unit #1A, Miami Beach, FL, US 33139"
"500 Grand Boulevard, K-107A, Miramar Beach, FL, US 32550"
"5435 Tamiami Trail North, Unit C105, Naples, FL, US 34108"
"8174 Vineland Avenue, Space #1509, Orlando, FL, US 32821"
"4200 Conroy Rd, J-260, Orlando, FL, US 32839"
"3101 PGA Blvd, M-207, Palm Beach Gardens, FL, US 33410"
"14564 Southwest 5th Street, Pembroke Pines, FL, US 33027"
"152 Capital Green Drive, Ponte Vedra Beach, FL, US 30320"
"80 E Co Hwy 30A, Suite 107K, Santa Rosa Beach, FL, US 32459"
"140 University Town Center Dr, Unit 275, Sarasota, FL, US 34234"
"Unit B103 175 2nd Avenue at Sundial, St. Petersburg, FL, US 33701"
"1800 Sawgrass Circle, Suite 4075, Sunrise, FL, US 33323"
"1817 Thomasville Road, Ste 210, Tallahassee, FL, US 32303"
"2223 North West Shore Blvd, Unit 264, Tampa, FL, US 33607"
"727 S. Dakota Ave, Tampa, FL, US 33606"
"200 N. Park Ave, Winter Park, FL, US 32789"
"5120 Avalon Boulevard, Alpharetta, GA, US 30009"
"327 Prince Avenue, Athens, GA, US 30601"
"3400 Around Lenox Road, 102A/B, Atlanta, GA, US 30326"
"1168 Howell Mill Rd, Unit A, B, C, Atlanta, GA, US 30318"
"675 Ponce de Leon Ave, NE, Suite C187, Atlanta, GA, US 30308"
"4400 Ashford Dunwoody Rd, Suite 2405, Atlanta, GA, US 30346"
"800 Highway 400 S, Suite 590, Dawsonville, GA, US 30534"
"Unit 420 - 5080 Riverside Drive, Macon, GA, US 31210"
"309 West Broughton Street, Savannah, GA, US 31401"
"1450 Ala Moana Blvd, Unit 3105, Honolulu, HI, US 96814"
"2270 Kalakaua Ave, #104, Honolulu, HI, US 96815"
"75-5799 Alii Drive , Unit C4 , Kailua, HI, US 96740"
"2829 Ala Kalanikaumaka St, Unit A101, Koloa, HI, US 96756"
"2435 Kaanapali Parkway, Space I-26, Lahaina, HI, US 96761"
"2435 Kaanapali Parkway, Lahaina, HI, US 96761"
"EW-18 - 3750 Wailea Alanui Dr, EW-18, Wailea, HI, US 96753"
"920 E. 2nd, A109, Coralville, IA, US 52241"
"219 East Grand, Suite 108, Des Moines, IA, US 50309"
"101 Jordan Creek Parkway, Unit 11380, West Des Moines, IA, US 50266"
"191 North Main Street, Ketchum, ID, US 83340"
"3597 E. Monarch Sky Lane, #100, Meridian, ID, US 83642"
"2000 North Neil Street, Unit 240, Champaign, IL, US 61820"
"5220 Fashion Outlets Way, Rosemont, Chicago, IL, US 60018"
"3556 N. Southport Ave, Chicago, IL, US 60657"
"900 North Michigan Ave, Suite L3-03, Chicago, IL, US 60611"
"1627 N Damen Ave, Chicago, IL, US 60647"
"944 W. North Ave, Chicago, IL, US 60642"
"930 N Rush St, Chicago, IL, US 60611"
"167 N Sangamon, Chicago, IL, US 60607"
"20530 N Rand Road, Unit 236, Deer Park, IL, US 60010"
"680 Western Ave, Lake Forest, IL, US 60045"
"50 South Main Street, Naperville, IL, US 60540"
"2106 Northbrook Court Ct, Unit 2176, Northbrook, IL, US 60062"
"622 Oak Brook Center, Oak Brook, IL, US 60523"
"5 Woodfield Mall, L306, Schaumburg, IL, US 60173"
"4999 Old Orchard Center, Unit A8, Skokie, IL, US 60077"
"14511 Clay Terrace Boulevard, Unit 100 , Carmel, IN, US 46032"
"8702 Keystone Crossing, Unit 21, Indianapolis, IN, US 46240"
"6501 N. Grape Road, Unit 289, Mishawaka, IN, US 46545"
"714 Massachusetts Street, Lawrence, KS, US 66044"
"4553 W 119th St, A110, Leawood, KS, US 66209"
"1423 N. Webb Road, Suite 115, Wichita, KS, US 67206"
"151 Larue, Suite 135, Lexington, KY, US 40517"
"7900 Shelbyville Rd, Unit A08, Louisville, KY, US 40222"
"3535 Perkins Road, Building 200, Baton Rouge, LA, US 70808"
"3301 Veterans Memorial Blvd, Suite 14, Metairie, LA, US 70002"
"333 Canal Street, Unit 100, New Orleans, LA, US 70130"
"62 Seaport Blvd, Boston, MA, US 02210"
"776 Boylston Street, Unit 6B, Boston, MA, US 02199"
"206 - 208 Newbury Street, Boston, MA, US 02116"
"#1313A 75 Middlesex Turnpike, Burlington, MA, US 01803"
"55 Boylston Street, Chestnut Hill, MA, US 02467"
"680 Legacy Place, Unit 242, Dedham, MA, US 02026"
"#107 Building 1 92 Derby Street, Hingham, MA, US 02043"
"94 Derby St, Unit 219 & 221, Hingham, MA, US 02043"
"686 Bliss Road, Unit 6B, Longmeadow, MA, US 01106"
"630 Market Street, Lynnfield, MA, US 01940"
"11 South Summer Street, Martha's Vineyard, MA, US 02539"
"Unit 101 Building 26 - 4 Market Street, Mashpee, MA, US 02649"
"1245 Worcester Street, Unit 4054 and 4055, Natick, MA, US 01760"
"55 Boylston Street, Chestnut Hill, MA, US 02467"
"184 Commercial Street, Floor 1, Provincetown, MA, US 02657"
"One Premium Outlets Blvd, Suite 185, Wrentham, MA, US 02093"
"2002 Annapolis Mall, Unit 1454, Annapolis, MD, US 21401"
"820 Aliceanna St, 107-1b, Baltimore, MD, US 21202"
"4838 Bethesda Ave, Unit 16, Bethesda, MD, US 20814"
"7101 Democracy Blvd, Unit #1268, Bethesda, MD, US 20817"
"10300 Little Patuxent Parkway, Unit 2750, Columbia, MD, US 21044"
"138 Crown Park Ave, Gaithersburg, MD, US 20878"
"825 Dulaney Valley Road, Unit 4133, Towson, MD, US 21204"
"340 Route 1, Suite 3, Kittery, ME, US 03904"
"18 Exchange Street, Portland, ME, US 04101"
"3070 Washtenaw Avenue, Ann Arbor, MI, US 48104"
"101 S Old Woodward Ave, Birmingham, MI, US 48009"
"17420 Hall Road, Unit 182, Clinton Township, MI, US 48038"
"17360 Hall Road, Suite #183, Clinton Township, MI, US 48038"
"1459 Woodward Ave, Detroit, MI, US 48226"
"3032 Towne Centre Blvd, East Lansing, MI, US 48912"
"1944 Breton Rd SE, Grand Rapids, MI, US 49506"
"5097 Century Avenue, Kalamazoo, MI, US 49006"
"27708 Novi Rd, C281, Novi, MI, US 48377"
"252 N. Adams Road, Rochester Hills, MI, US 48309"
"2801 W Big Beaver Rd, Unit J230, Troy, MI, US 48084"
"K244 â 2801 West Big Beaver Road, Troy, MI, US 48084"
"6415 Labeaux Avenue NE, Unit B270, Albertville, MN, US 55301"
"116 West Market, Bloomington, MN, US 55425"
"Frances Ave S & 69th Street, Unit 3260 - Galleria At Edina, Edina, MN, US 55435"
"12673 Wayzata Blvd, Minneapolis, MN, US 55305"
"134 3rd Ave North, Minneapolis, MN, US 55401"
"Space 672 U.S. 14 E, Rochester, MN, US 56085"
"870 Grand Ave, Saint Paul, MN, US 55105"
"9100 Hudson Road, Woodbury, MN, US 55125"
"111 South 9th Street , Suite 170, Columbia, MO, US 65201"
"1701 S. Lindbergh, Unit 245, Frontenac, MO, US 63131"
"401 Nichols Road, Kansas City, MO, US 64112"
"Unit 26 Maryland Plaza, St. Louis, MO, US 63108"
"42 West County Center Drive , Space #1150 , St. Louis, MO, US 63131"
"4500 I-55 North, Unit #120, Jackson, MS, US 39211"
"23 E Main, Bozeman, MT, US 59715"
"1 Kitchin Place, Asheville, NC, US 28803"
"302 Colonades Way, Unit 210, Cary, NC, US 27518"
"4400 Sharon Rd, Space# M24A, Charlotte, NC, US 28211"
"2040 South Boulevard, Unit 44, Charlotte, NC, US 28203"
"8030 Renaissance Parkway, Suite #935 Building M, Durham, NC, US 27713"
"3326 West Friendly Ave., Suite 101, Greensboro, NC, US 27410"
"16836-B Birkdale Commons Parkway, Space 65, Huntersville, NC, US 28078"
"4421 Six Forks Rd, Suite 113, Raleigh, NC, US 27609"
"312 S Stratford Rd, Suite 312, Winston-Salem, NC, US 27103"
"3902 13th Ave South, Unit 507, Fargo, ND, US 58103"
"Suite 101 144 N. 14th Street, Suite 101, Lincoln, NE, US 68508"
"1917 South 67th Street, Suite 130, Omaha, NE, US 68106"
"17250 Davenport Street, Unit 104, Omaha, NE, US 68118"
"99 Rockingham Park Blvd, W121A, Salem, NH, US 03079"
"2013 Dune Dr, Avalon, NJ, US 08202"
"400 Commons Way, Space #2405, Bridgewater, NJ, US 08807"
"2000 Route 38, Unit 1143, Cherry Hill, NJ, US 08002"
"19 VerValen Street, Space B12, Closter, NJ, US 07624"
"651 Kapkowski Rd, Unit 1075, Elizabeth, NJ, US 07201"
"500 Route 73 South, Evesham Township, NJ, US 08053"
"3710 Route 9, H108, Freehold, NJ, US 07728"
"313 Washington Street, Hoboken, NJ, US 07030"
"520 Bloomfield Avenue, Montclair, NJ, US 07042"
"100 Garden State Plaza, Unit G4, Paramus, NJ, US 07652"
"36 Nassau Street, Princeton, NJ, US 08542"
"1200 Morris Turnpike, Unit # D245, Short Hills, NJ, US 07078"
"553 Route 35, Space # N-7, Shrewsbury, NJ, US 07702"
"402 Springfield Avenue, Summit, NJ, US 07901"
"2260 Q Street NE, 3C, Albuquerque, NM, US 87110"
"2240 Village Walk Drive, Suite #130, Henderson, NV, US 89052"
"3500 Las Vegas Blvd S, Unit F01A, Las Vegas, NV, US 89109"
"3200 Las Vegas Blvd. S, Unit 2040, Las Vegas, NV, US 89109"
"855 South Grand Central Parkway, Unit 1540, Las Vegas, NV, US 89106"
"1870 Festival Plaza Dr, H100, Las Vegas, NV, US 89135"
"3663 South Las Vegas Boulevard, Suite 170, Las Vegas, NV, US 89109"
"13935 South Virginia Street, Suite 304 A, Reno, NV, US 89511"
"One Crossgates Mall Road, Suite B203, Albany, NY, US 12203"
"129 N 6th Street, Brooklyn, NY, US 11249"
"166 Smith Street, Brooklyn, NY, US 11201"
"One Walden Galleria, Unit J105, Buffalo, NY, US 14225"
"35 Main Street, East Hampton, NY, US 11937"
"#2042 - 630 Old Country Road, Garden City, NY, US 11530"
"160 Walt Whitman Road, Suite 1008C, Huntington Station, NY, US 11746"
"1950 Northern Blvd, Unit 0040, Manhasset, NY, US 11030"
"1151 Fashion Drive, Nanuet, NY, US 10954"
"408 W 14th Street, Front A, New York, NY, US 10014"
"1928 Broadway, New York, NY, US 10023"
"127 Prince Street, New York, NY, US 10012"
"1127 3rd Avenue, New York, NY, US 10065"
"10 Columbus Circle, Unit 113, New York, NY, US 10023"
"500 West 33rd Street, RU 313A, New York, NY, US 10001"
"1146 Madison Ave, New York, NY, US 10028"
"592 5th Avenue, New York, NY, US 10036"
"250 Vesey Street, New York, NY, US 10281"
"520 Broadway, New York, NY, US 10012"
"2139 Broadway, New York, NY, US 10023"
"50 Bond Street, New York, NY, US 10012"
"114 Fifth Avenue, New York, NY, US 10011"
"910 Tanger Mall Drive, Riverhead, NY, US 11901"
"2924 Monroe Avenue, Rochester, NY, US 14618"
"One Destiny USA Drive, Space F-220, Syracuse, NY, US 13290"
"7979 Pittsford Victor Road, 225, Victor, NY, US 14564"
"125 Westchester Ave, Suite 1016, White Plains, NY, US 10601"
"498 Red Apple Court, Unit 435, Woodbury, NY, US 10917"
"1711 West Market Street, Suite 410, Akron, OH, US 44313"
"68 Plum Street, Unit E110, Beavercreek, OH, US 45440"
"3500 Michigan Terrace, R-1 & R-2, Cincinnati, OH, US 45208"
"7875 Montgomery Rd, unit #75, Cincinnati, OH, US 45236"
"1500 Polaris Parkway, Space 1062, Columbus, OH, US 43240"
"640 North High Street, Columbus, OH, US 43215"
"4085 The Strand, Unit 414, Columbus, OH, US 43219"
"93 First Street, Unit 650, Hudson, OH, US 44236"
"3410 Secor Rd, Unit 530, Toledo, OH, US 43606"
"201 Market Street, Westlake, OH, US 44145"
"28859 Chagrin Blvd, Unit 200, Woodmere, OH, US 44122"
"5854 N. Classen Blvd, P-11, Oklahoma City, OK, US 73118"
"3506 S. Peoria Ave, Center 1, Tulsa, OK, US 74105"
"655 SW Powerhouse Drive, 1201, Bend, OR, US 97702"
"Suite F 323 Oakway Road, Suite F, Eugene, OR, US 97401"
"12000 SE 82nd Ave, E103, Happy Valley, OR, US 97086"
"9355 S.W. Washington Square Rd, Space T-19, Portland, OR, US 97223"
"700 SW 5th Ave, Space # 2115, Portland, OR, US 97204"
"1231 NW Couch Street, Portland, OR, US 97209"
"7381B SW Bridgeport Rd, Tigard, OR, US 97224"
"41 St. Georges Road, Unit 84, Ardmore, PA, US 19003"
"969 Baltimore Pike, Unit 2, Glen Mills, PA, US 19342"
"160 North Gulph Road, Space 2190, King of Prussia, PA, US 19406"
"661 Harrisburg Ave, Lancaster, PA, US 17603"
"1720 Walnut Street, Philadelphia, PA, US 19103"
"1000 Ross Park Mall Drive, N01K, Pittsburgh, PA, US 15237"
"301 South Hills Village, Unit 1325B, Pittsburgh, PA, US 15241"
"5520 Walnut St, Pittsburgh, PA, US 15232"
"907 Lehigh Valley Lifestyle Center, Whitehall, PA, US 18052"
"30 Hillside Road, Unit 1003, Cranston, RI, US 02920"
"17 Touro Street, Newport, RI, US 02840"
"17 Touro Street, Newport, RI, US 02840"
"195-201 Wayland Avenue, Providence, RI, US 02906"
"279 King St, Charleston, SC, US 29401"
"4840 Forest Drive, #5, Columbia, SC, US 29206"
"600 South Main Street, Suite 100, Greenville, SC, US 29601"
"32 Shelter Cove Lane, Unit # 151, Hilton Head Island, SC, US 29928"
"510 Freshfields Dr, Johns Island, SC, US 29455"
"1232 Belk Dr, Mt Pleasant, SC, US 29464"
"10843 Kings Rd, Building 6, #635, myrtle beach, SC, US 29572"
"4001 W 41st St, unit 0318B, Sioux Falls, SD, US 57106"
"1110 Market Street, Unit 117B, Chattanooga, TN, US 37402"
"1556 West McEwen Drive, 118, Franklin, TN, US 37067"
"2031 West Street, 111, Germantown, TN, US 38138"
"5410 Kingston Pike, Knoxville, TN, US 37919"
"4027 Hillsboro Pike, Unit 705, Nashville, TN, US 37215"
"1016 West 6th Street, Austin, TX, US 78703"
"11600 Century Oaks Terrace, A-7 (Unit 116), Austin, TX, US 78758"
"2901 S Capital of Texas Highway, A10A, Austin, TX, US 78746"
"155 Century Court, Suite 109, College Station, TX, US 77840"
"29300 Hempstead Rd, Unit 813, Cypress, TX, US 77433"
"Unit #2R1-2244  8687 North Central Expressway, Dallas, TX, US 75225"
"8687 N Central Expy, C2-624, Dallas, TX, US 75225"
"#2285 13350 N. Dallas Parkway, Dallas, TX, US 75240"
"3201 Knox St, Dallas, TX, US 75205"
"6801 North Mesa, Suites A-1, El Paso, TX, US 79912"
"1540 S. University Dr, Unit 110, Fort Worth, TX, US 76107"
"500 Baybrook Mall, Friendswood, TX, US 77546"
"713 Heights Blvd, Bungalow 5, Houston, TX, US 77007"
